{
    "A": [
        "EEG A1-Ref",
        "EEG A2-Ref",
        "POL A3",
        "POL A4",
        "POL A5",
        "POL A6",
        "POL A7",
        "POL A8",
        "POL A9",
        "POL A10",
        "POL A11",
        "POL A12",
        "POL A13",
        "POL A14"
    ],
    "H": [
        "POL H1",
        "POL H2",
        "POL H3",
        "POL H4",
        "POL H5",
        "POL H6",
        "POL H7",
        "POL H8",
        "POL H9",
        "POL H10",
        "POL H11",
        "POL H12",
        "POL H13",
        "POL H14"
    ],
    "B": [
        "POL B1",
        "POL B2",
        "POL B3",
        "POL B4",
        "POL B5",
        "POL B6",
        "POL B7",
        "POL B8",
        "POL B9",
        "POL B10",
        "POL B11",
        "POL B12",
        "POL B13",
        "POL B14"
    ],
    "C": [
        "EEG C1-Ref",
        "EEG C2-Ref",
        "EEG C3-Ref",
        "EEG C4-Ref",
        "EEG C5-Ref",
        "EEG C6-Ref",
        "POL C7",
        "POL C8"
    ],
    "D": [
        "POL D1",
        "POL D2",
        "POL D3",
        "POL D4",
        "POL D5",
        "POL D6",
        "POL D7",
        "POL D8",
        "POL D9",
        "POL D10"
    ],
    "E": [
        "POL E1",
        "POL E2",
        "POL E3",
        "POL E4",
        "POL E5",
        "POL E6",
        "POL E7",
        "POL E8",
        "POL E9",
        "POL E10"
    ],
    "F": [
        "EEG F1-Ref",
        "EEG F2-Ref",
        "EEG F3-Ref",
        "EEG F4-Ref",
        "EEG F5-Ref",
        "EEG F6-Ref",
        "EEG F7-Ref",
        "EEG F8-Ref",
        "EEG F9-Ref",
        "EEG F10-Ref",
        "POL F11",
        "POL F12",
        "POL F13",
        "POL F14"
    ],
    "G": [
        "POL G1",
        "POL G2",
        "POL G3",
        "POL G4",
        "POL G5",
        "POL G6",
        "POL G7",
        "POL G8",
        "POL G9",
        "POL G10",
        "POL G11",
        "POL G12",
        "POL G13",
        "POL G14",
        "POL G15",
        "POL G16"
    ],
    "I": [
        "POL I1",
        "POL I2",
        "POL I3",
        "POL I4",
        "POL I5",
        "POL I6",
        "POL I7",
        "POL I8"
    ],
    "Y": [
        "POL Y1",
        "POL Y2",
        "POL Y3",
        "POL Y4",
        "POL Y5",
        "POL Y6",
        "POL Y7",
        "POL Y8",
        "POL Y9",
        "POL Y10",
        "POL Y11",
        "POL Y12",
        "POL Y13",
        "POL Y14",
        "POL Y15",
        "POL Y16"
    ],
    "Z": [
        "POL Z1",
        "POL Z2",
        "POL Z3",
        "POL Z4",
        "POL Z5",
        "POL Z6",
        "POL Z7",
        "POL Z8",
        "POL Z9",
        "POL Z10",
        "POL Z11",
        "POL Z12",
        "POL Z13",
        "POL Z14"
    ],
    "A_": [
        "POL A'1",
        "POL A'2",
        "POL A'3",
        "POL A'4",
        "POL A'5",
        "POL A'6",
        "POL A'7",
        "POL A'8",
        "POL A'9",
        "POL A'10",
        "POL A'11",
        "POL A'12",
        "POL A'13",
        "POL A'14"
    ],
    "H_": [
        "POL H'1",
        "POL H'2",
        "POL H'3",
        "POL H'4",
        "POL H'5",
        "POL H'6",
        "POL H'7",
        "POL H'8",
        "POL H'9",
        "POL H'10",
        "POL H'11",
        "POL H'12",
        "POL H'13",
        "POL H'14"
    ],
    "B_": [
        "POL B'1",
        "POL B'2",
        "POL B'3",
        "POL B'4",
        "POL B'5",
        "POL B'6",
        "POL B'7",
        "POL B'8",
        "POL B'9",
        "POL B'10",
        "POL B'11",
        "POL B'12",
        "POL B'13",
        "POL B'14"
    ],
    "D_": [
        "POL D'1",
        "POL D'2",
        "POL D'3",
        "POL D'4",
        "POL D'5",
        "POL D'6",
        "POL D'7",
        "POL D'8",
        "POL D'9",
        "POL D'10"
    ],
    "E_": [
        "POL E'1",
        "POL E'2",
        "POL E'3",
        "POL E'4",
        "POL E'5",
        "POL E'6",
        "POL E'7",
        "POL E'8",
        "POL E'9",
        "POL E'10"
    ],
    "Y_": [
        "POL Y'1",
        "POL Y'2",
        "POL Y'3",
        "POL Y'4",
        "POL Y'5",
        "POL Y'6",
        "POL Y'7",
        "POL Y'8",
        "POL Y'9",
        "POL Y'10",
        "POL Y'11",
        "POL Y'12",
        "POL Y'13",
        "POL Y'14",
        "POL Y'15",
        "POL Y'16"
    ],
    "MARK": [
        "POL DC09",
        "POL DC10",
        "POL DC11",
        "POL DC12",
        "POL DC13",
        "POL DC14",
        "POL DC15",
        "POL DC16",
        "EDF Annotations"
    ],
    "EMG": [
        "POL EMG1",
        "POL EMG2",
        "POL EMG3",
        "POL EMG4"
    ],
    "EKG": [
        "POL EKG1",
        "POL EKG2"
    ]
}